{
  "model_name": "FacebookAI/roberta-base",
  "num_labels": 7,
  "classes": [
    "Normal",
    "Anxiety",
    "Depression",
    "Stress",
    "Suicidal",
    "Bipolar",
    "Personality disorder"
  ],
  "training_duration_minutes": 160.95016821666667,
  "final_metrics": {
    "loss": 0.47809118032455444,
    "accuracy": 0.8551650692225772,
    "precision_macro": 0.8294457139406226,
    "recall_macro": 0.8552306412096566,
    "f1_macro": 0.8398219644432705,
    "precision_weighted": 0.8626883528961906,
    "recall_weighted": 0.8551650692225772,
    "f1_weighted": 0.8560301566993223,
    "f1_normal": 0.961986376620523,
    "f1_anxiety": 0.8940520446096655,
    "f1_depression": 0.8001921229586936,
    "f1_stress": 0.803763440860215,
    "f1_suicidal": 0.7826839826839826,
    "f1_bipolar": 0.8798920377867746,
    "f1_personality_disorder": 0.7561837455830389,
    "runtime": 87.4939,
    "samples_per_second": 85.857,
    "steps_per_second": 5.372,
    "epoch": 4.0
  }
}